Epolye id,First,name,TRIM ,age,country,language,primary_skill,years_of_experience
FL250001,Ms.Nicole,kidd,Ms.Nicole,52,Italy,Italian,Blockchain Development,11
FL250002,Vanessa,Garcia,Vanessa,52,Australia,English,Mobile Apps,34
FL250003,Juan,Nelson,Juan,53,Germany,Germany,Graphic Design,31
FL250004,Amanda,Spencer,Amanda,38,Australia,English,Web Development,4
FL250005,Lynn,Curtis dds,Lynn,53,Germany,Germany,AI,27
FL250006,Lisa,Johnson,Lisa,59,Netherlands,Dutch,AI,14
FL250007,Eric,Myers,Eric,52,Indonesia,Indonesian,Data Analysis,10
FL250008,Ricky,Graham,Ricky,43,Italy,Italian,Blockchain Development,14
FL250009,Sean,Martin,Sean,26,US,English,Blockchain Development,4
FL250010,Matthew,Lloyd,Matthew,52,Turkey,Turkish,AI,22
FL250011,Gavin,Randall,Gavin,40,UK,English,Data Analysis,17
FL250012,Michelle,Curtis,Michelle,55,Argentina,Spanish,UI/UX Design,15
FL250013,Alice,Schneider,Alice,57,UK,English,Cybersecurity,18
FL250014,Phillip,Shelton,Phillip,38,Spain,Spanish,Graphic Design,20
FL250015,Edward,Ferguson,Edward,50,Germany,Germany,Data Analysis,22
FL250016,Wyatt,Stout,Wyatt,42,Japan,Japanese,Machine Learning,0
FL250017,Laura,Johnson,Laura,39,Australia,English,DevOps,13
FL250018,Scott,Burns,Scott,56,India,Hindi,Blockchain Development,0
FL250019,Tyler,Aguirre,Tyler,56,US,English,UI/UX Design,31
FL250020,Matthew,Lawson,Matthew,57,Italy,Italian,Web Development,3
FL250021,James,Cherry,James,,Indonesia,Indonesian,AI,9
FL250022,Samuel,Sanford,Samuel,51,Japan,Japanese,DevOps,0
FL250023,Cesar,Greene,Cesar,51,Brazil,Portuguese,Cybersecurity,21
FL250024,Melanie,Carter,Melanie,51,South Korea,Korean,Machine Learning,15
FL250025,Jennifer,Martin,Jennifer,54,Indonesia,Indonesian,Machine Learning,13
FL250026,Anna,Mccann,Anna,22,South Korea,Korean,DevOps,0
FL250027,Marissa,Bass,Marissa,34,Japan,Japanese,Blockchain Development,8
FL250028,Alexis,Day,Alexis,36,Russia,Russian,Graphic Design,11
FL250029,Megan,Jones,Megan,47,Canada,English,AI,22
FL250030,Lori,Smith,Lori,41,Netherlands,Dutch,Data Analysis,14
FL250031,Eric,Carpenter,Eric,22,Netherlands,Dutch,DevOps,4
FL250032,Timothy,Daniels,Timothy,38,France,French,Machine Learning,19
FL250033,Robert,Nelson,Robert,46,Egypt,Arabic,AI,9
FL250034,Michael,Anderson,Michael,,South Korea,Korean,AI,9
FL250035,Jessica,Snyder,Jessica,54,US,English,Web Development,32
FL250036,Emily,Daniels,Emily,52,South Korea,Korean,Blockchain Development,28
FL250037,Jamie,Ramirez,Jamie,42,Japan,Japanese,Mobile Apps,6
FL250038,Amy,Harrison,Amy,29,Netherlands,Dutch,Graphic Design,10
FL250039,Melinda,White,Melinda,42,South Africa,Afrikaans,Mobile Apps,23
FL250040,James,Hernandez,James,60,Japan,Japanese,Web Development,13
FL250041,Angelica,Rogers,Angelica,59,UK,English,AI,3
FL250042,Savannah,Williams,Savannah,21,Canada,English,Web Development,0
FL250043,Kaitlyn,Schmidt,Kaitlyn,35,Germany,Germany,DevOps,10
FL250044,Jason,Singh,Jason,41,UK,English,Data Analysis,0
FL250045,Michelle,Ramirez,Michelle,51,Netherlands,Dutch,Machine Learning,23
FL250046,James,Brown,James,41,South Africa,Afrikaans,Web Development,9
FL250047,Mrs.samantha,Simmons,Mrs.samantha,47,Egypt,Arabic,DevOps,15
FL250048,Chase,Mason,Chase,25,China,Mandarin,Graphic Design,4
FL250049,Dominique,Ward,Dominique,25,Mexico,Spanish,Mobile Apps,7
FL250050,Lance,Griffin,Lance,29,Netherlands,Dutch,UI/UX Design,1
FL250051,Julie,Burgess,Julie,23,Argentina,Spanish,Cybersecurity,0
FL250052,Don,Scott,Don,31,France,French,Data Analysis,8
FL250053,Kyle,Atkinson,Kyle,51,Germany,Germany,Machine Learning,33
FL250054,Jimmy,Hogan,Jimmy,,Spain,Spanish,UI/UX Design,1
FL250055,Jennifer,Mcintyre,Jennifer,29,Turkey,Turkish,Cybersecurity,11
FL250056,Larry,Simpson,Larry,50,UK,English,AI,15
FL250057,Laura,Price,Laura,26,UK,English,DevOps,8
FL250058,Mark,Wright,Mark,38,Canada,English,AI,17
FL250059,Samantha,Mcdaniel,Samantha,23,India,Hindi,Mobile Apps,0
FL250060,Barbara,Foster,Barbara,51,South Africa,Afrikaans,DevOps,28
FL250061,Courtney,Tran,Courtney,51,Indonesia,Indonesian,AI,33
FL250062,Eddie,Todd,Eddie,47,Germany,Germany,AI,18
FL250063,Christine,Johnson,Christine,34,Russia,Russian,UI/UX Design,16
FL250064,Leah,Phelps,Leah,58,Indonesia,Indonesian,Data Analysis,35
FL250065,Rebekah,Williams,Rebekah,50,Russia,Russian,AI,14
FL250066,Crystal,Wilson,Crystal,34,Spain,Spanish,Web Development,12
FL250067,Ashley,Cordova,Ashley,45,Brazil,Portuguese,AI,11
FL250068,Vicki,Kelly,Vicki,55,Brazil,Portuguese,Web Development,0
FL250069,Corey,Warren,Corey,,Argentina,Spanish,UI/UX Design,6
FL250070,Gina,Thompson,Gina,60,China,Mandarin,UI/UX Design,38
FL250071,Yvonne,Berg,Yvonne,33,South Africa,Afrikaans,Mobile Apps,11
FL250072,Thomas,Miller,Thomas,60,Italy,Italian,DevOps,13
FL250073,Nicholas,Burton,Nicholas,40,US,English,Web Development,9
FL250074,Jorge,Riley,Jorge,59,Australia,English,Blockchain Development,4
FL250075,Melvin,Harris,Melvin,36,Italy,Italian,Machine Learning,14
FL250076,Jeremy,Meyer,Jeremy,32,India,Hindi,Data Analysis,0
FL250077,Timothy,Lee,Timothy,59,Australia,English,AI,9
FL250078,Diana,Bautista,Diana,54,Spain,Spanish,DevOps,32
FL250079,Leslie,Rodriguez,Leslie,37,Canada,English,Graphic Design,9
FL250080,Noah,Wiggins,Noah,54,India,Hindi,Machine Learning,21
FL250081,Bridget,Williams,Bridget,33,Argentina,Spanish,UI/UX Design,12
FL250082,Veronica,Baker,Veronica,25,Egypt,Arabic,Web Development,7
FL250083,Andrew,Avila,Andrew,,China,Mandarin,DevOps,3
FL250084,Michael,Roberson,Michael,35,South Korea,Korean,Web Development,5
FL250085,Austin,Jenkins,Austin,59,South Korea,Korean,AI,30
FL250086,Brenda,Green,Brenda,21,China,Mandarin,DevOps,2
FL250087,Samuel,Pierce,Samuel,25,US,English,Mobile Apps,2
FL250088,Briana,Smith,Briana,38,Mexico,Spanish,Web Development,19
FL250089,Ronald,Barrett,Ronald,57,Russia,Russian,AI,16
FL250090,Matthew,Smith,Matthew,32,India,Hindi,Mobile Apps,10
FL250091,Logan,Huang,Logan,21,Italy,Italian,DevOps,2
FL250092,Miranda,Hutchinson,Miranda,57,Canada,English,Cybersecurity,18
FL250093,Paul,Richardson,Paul,53,China,Mandarin,UI/UX Design,21
FL250094,Jose,Jones,Jose,35,Russia,Russian,Blockchain Development,3
FL250095,Denise,Smith,Denise,54,China,Mandarin,Machine Learning,17
FL250096,Shelby,Mcmahon,Shelby,36,Italy,Italian,UI/UX Design,0
FL250097,Bethany,Wright,Bethany,49,Spain,Spanish,Cybersecurity,25
FL250098,David,Ortiz,David,37,US,English,Blockchain Development,17
FL250099,Andrew,Lynch,Andrew,,US,English,UI/UX Design,5
FL250100,Kristopher,Meyers,Kristopher,32,Egypt,Arabic,UI/UX Design,10
FL250101,Thomas,Roth,Thomas,35,India,Hindi,Mobile Apps,0
FL250102,Vicki,Brown,Vicki,51,Russia,Russian,Graphic Design,2
FL250103,Stacy,Sutton,Stacy,50,Russia,Russian,DevOps,30
FL250104,Kimberly,Holland,Kimberly,21,Turkey,Turkish,Blockchain Development,2
FL250105,Travis,Richardson,Travis,25,US,English,Graphic Design,3
FL250106,Jasmin,Ho,Jasmin,57,France,French,DevOps,21
FL250107,Mark,Paul,Mark,58,Russia,Russian,Blockchain Development,3
FL250108,Jennifer,Lewis,Jennifer,45,Indonesia,Indonesian,Mobile Apps,19
FL250109,Elizabeth,Lester,Elizabeth,23,US,English,Web Development,0
FL250110,Kimberly,Griffin,Kimberly,46,US,English,AI,9
FL250111,Tyler,Warner,Tyler,27,Argentina,Spanish,UI/UX Design,5
FL250112,Jane,Cox,Jane,32,US,English,Machine Learning,6
FL250113,Leah,Williams,Leah,48,Argentina,Spanish,Machine Learning,6
FL250114,Kevin,Wong,Kevin,30,Turkey,Turkish,Mobile Apps,3
FL250115,Robert,Andrews,Robert,59,Turkey,Turkish,AI,13
FL250116,Jessica,Torres,Jessica,32,Mexico,Spanish,AI,5
FL250117,Teresa,Kim,Teresa,57,Egypt,Arabic,UI/UX Design,4
FL250118,Jon,Morgan,Jon,27,Australia,English,Machine Learning,7
FL250119,Gloria,Chaney,Gloria,33,Indonesia,Indonesian,Machine Learning,13
FL250120,Jesse,Campbell,Jesse,29,South Korea,Korean,Data Analysis,4
FL250121,Allison,Tucker md,Allison,36,Indonesia,Indonesian,UI/UX Design,13
FL250122,Candice,Petersen,Candice,47,Italy,Italian,DevOps,5
FL250123,Christopher,Nichols,Christopher,48,Canada,English,Machine Learning,15
FL250124,Debra,Garcia,Debra,27,China,Mandarin,UI/UX Design,8
FL250125,Andrew,Fuentes,Andrew,34,Australia,English,Web Development,10
FL250126,Jason,Carter,Jason,49,South Korea,Korean,Data Analysis,19
FL250127,Austin,Romero,Austin,30,Brazil,Portuguese,Mobile Apps,10
FL250128,Clayton,Burns,Clayton,31,Egypt,Arabic,Graphic Design,8
FL250129,Jonathan,Clark,Jonathan,58,China,Mandarin,Machine Learning,9
FL250130,Alexander,Griffin,Alexander,47,France,French,Machine Learning,13
FL250131,Shelly,Whitehead,Shelly,45,UK,English,Cybersecurity,14
FL250132,Kaitlyn,Davis,Kaitlyn,57,France,French,Machine Learning,0
FL250133,Christopher,Jones,Christopher,50,India,Hindi,Web Development,22
FL250134,Cindy,Jacobs,Cindy,,Brazil,Portuguese,Machine Learning,4
FL250135,Penny,Day,Penny,45,Indonesia,Indonesian,Blockchain Development,22
FL250136,Thomas,Ingram,Thomas,60,South Africa,Afrikaans,Cybersecurity,39
FL250137,Donna,Hansen,Donna,43,UK,English,Cybersecurity,5
FL250138,Donna,Bailey,Donna,39,France,French,Cybersecurity,5
FL250139,Joshua,Armstrong,Joshua,26,Mexico,Spanish,UI/UX Design,5
FL250140,Jonathan,Garza,Jonathan,31,Germany,Germany,Cybersecurity,11
FL250141,Charles,Jones,Charles,52,France,French,UI/UX Design,15
FL250142,Lindsey,Miles,Lindsey,34,India,Hindi,Data Analysis,5
FL250143,Eduardo,Reed,Eduardo,45,UK,English,Web Development,7
FL250144,Lee,Fowler,Lee,46,UK,English,Cybersecurity,9
FL250145,Steven,jr,Steven,56,France,French,UI/UX Design,21
FL250146,Ashley,Chen,Ashley,59,Germany,Germany,AI,7
FL250147,Erica,Davis,Erica,54,Egypt,Arabic,Blockchain Development,4
FL250148,Wayne,Gonzales,Wayne,36,Germany,Germany,UI/UX Design,7
FL250149,Gary,Ballard,Gary,25,Mexico,Spanish,Data Analysis,0
FL250150,Maria,Mcguire,Maria,37,Russia,Russian,Data Analysis,15
FL250151,Matthew,Richards,Matthew,,Turkey,Turkish,Data Analysis,10
FL250152,Patrick,Malone,Patrick,29,Spain,Spanish,Data Analysis,11
FL250153,Cindy,Martin,Cindy,55,Argentina,Spanish,Mobile Apps,12
FL250154,Anne,Edwards,Anne,38,Japan,Japanese,DevOps,20
FL250155,Mitchell,Martin,Mitchell,47,South Korea,Korean,DevOps,29
FL250156,Mitchell,Patrick,Mitchell,60,Brazil,Portuguese,Web Development,15
FL250157,Rebecca,Lyons,Rebecca,43,Italy,Italian,Data Analysis,9
FL250158,Christian,Lopez,Christian,56,South Africa,Afrikaans,Data Analysis,0
FL250159,Nathan,Blair,Nathan,42,Russia,Russian,DevOps,2
FL250160,Patricia,Lopez,Patricia,20,Spain,Spanish,Graphic Design,0
FL250161,Michelle,Wu,Michelle,47,Indonesia,Indonesian,UI/UX Design,12
FL250162,Donald,Mitchell,Donald,,Argentina,Spanish,Data Analysis,12
FL250163,Sean,Gordon,Sean,56,Indonesia,Indonesian,DevOps,15
FL250164,Gregory,Clarke,Gregory,59,UK,English,DevOps,29
FL250165,Steven,Whitney,Steven,56,Japan,Japanese,Cybersecurity,15
FL250166,Robin,Acosta,Robin,31,South Africa,Afrikaans,Web Development,0
FL250167,John,Smith,John,60,South Korea,Korean,Mobile Apps,33
FL250168,Susan,Baker,Susan,31,Canada,English,Web Development,10
FL250169,Anthony,Larsen,Anthony,60,Argentina,Spanish,Cybersecurity,20
FL250170,Nicholas,Carpenter,Nicholas,46,France,French,DevOps,23
FL250171,Debra,Salazar,Debra,40,Netherlands,Dutch,Blockchain Development,0
FL250172,William,Smith,William,34,Japan,Japanese,UI/UX Design,0
FL250173,Caroline,Gross,Caroline,42,Netherlands,Dutch,Graphic Design,7
FL250174,Jeremy,Sawyer,Jeremy,31,UK,English,Data Analysis,4
FL250175,Eduardo,Burns,Eduardo,29,Brazil,Portuguese,UI/UX Design,9
FL250176,Amanda,Jones,Amanda,57,Australia,English,Graphic Design,17
FL250177,Frederick,Ware,Frederick,47,India,Hindi,DevOps,8
FL250178,Michael,Black,Michael,47,South Africa,Afrikaans,AI,14
FL250179,Patricia,Sanders,Patricia,45,France,French,Graphic Design,21
FL250180,Marc,Joseph,Marc,24,Turkey,Turkish,Machine Learning,1
FL250181,Vanessa,White,Vanessa,31,Argentina,Spanish,Mobile Apps,12
FL250182,Jennifer,Garcia,Jennifer,20,Mexico,Spanish,Graphic Design,2
FL250183,Michael,Zavala,Michael,38,Japan,Japanese,Web Development,3
FL250184,Kimberly,Williams,Kimberly,33,Germany,Germany,UI/UX Design,11
FL250185,Elizabeth,Jenkins,Elizabeth,31,Australia,English,Web Development,4
FL250186,Brandon,Ford,Brandon,41,Spain,Spanish,Machine Learning,21
FL250187,Justin,House,Justin,54,Turkey,Turkish,Web Development,0
FL250188,Henry,Mullen,Henry,50,Mexico,Spanish,Data Analysis,6
FL250189,Jesse,Cochran,Jesse,48,Brazil,Portuguese,Machine Learning,18
FL250190,Melissa,Rich,Melissa,49,Mexico,Spanish,Graphic Design,0
FL250191,Patrick,Dunlap,Patrick,21,South Korea,Korean,Graphic Design,1
FL250192,Troy,Carson,Troy,58,Australia,English,Graphic Design,20
FL250193,Matthew,Smith,Matthew,41,Italy,Italian,DevOps,0
FL250194,Jennifer,Cherry,Jennifer,58,Russia,Russian,Blockchain Development,25
FL250195,Brandi,Tucker,Brandi,50,South Africa,Afrikaans,Graphic Design,20
FL250196,Zachary,Burke,Zachary,52,Indonesia,Indonesian,Web Development,33
FL250197,Thomas,Jones,Thomas,34,Netherlands,Dutch,Data Analysis,6
FL250198,Brian,Dunn,Brian,32,France,French,Machine Learning,11
FL250199,Shirley,Strickland,Shirley,50,India,Hindi,Graphic Design,28
FL250200,Nicole,Meyers,Nicole,39,Argentina,Spanish,Data Analysis,11
FL250201,Jill,Stephens,Jill,25,Spain,Spanish,AI,2
FL250202,Heidi,Miranda,Heidi,55,China,Mandarin,Machine Learning,7
FL250203,Jesus,Martinez,Jesus,42,Italy,Italian,DevOps,10
FL250204,Adam,Payne,Adam,43,Russia,Russian,Mobile Apps,6
FL250205,Walter,Williams,Walter,54,Italy,Italian,DevOps,29
FL250206,Shannon,Farmer,Shannon,21,Egypt,Arabic,Graphic Design,0
FL250207,Peter,Reyes,Peter,46,Canada,English,UI/UX Design,5
FL250208,Kristen,Knight,Kristen,30,Spain,Spanish,Blockchain Development,11
FL250209,William,Moore jr,William,36,China,Mandarin,Machine Learning,11
FL250210,Jennifer,Rowe,Jennifer,47,Germany,Germany,Data Analysis,15
FL250211,Mikayla,Henry,Mikayla,43,Canada,English,Mobile Apps,1
FL250212,Jacob,Kerr,Jacob,57,South Korea,Korean,Cybersecurity,8
FL250213,Ryan,Johnson,Ryan,52,Italy,Italian,Machine Learning,30
FL250214,Michael,Ruiz,Michael,,Germany,Germany,Blockchain Development,8
FL250215,Monica,Roberts,Monica,22,Indonesia,Indonesian,Machine Learning,0
FL250216,Danny,Brown,Danny,,India,Hindi,Machine Learning,12
FL250217,Karen,Larsen,Karen,58,Spain,Spanish,Mobile Apps,4
FL250218,Robert,Evans,Robert,39,South Korea,Korean,Web Development,14
FL250219,Sean,Poole,Sean,32,Indonesia,Indonesian,Graphic Design,14
FL250220,Richard,Quinn,Richard,37,Canada,English,UI/UX Design,2
FL250221,Jennifer,Gonzalez,Jennifer,21,China,Mandarin,Cybersecurity,2
FL250222,James,Skinner,James,41,South Korea,Korean,Machine Learning,4
FL250223,Michelle,Hill,Michelle,21,Canada,English,AI,0
FL250224,Jacqueline,Williams,Jacqueline,58,China,Mandarin,Machine Learning,9
FL250225,Darrell,Johnson,Darrell,60,Canada,English,Machine Learning,3
FL250226,Ryan,Crawford,Ryan,27,South Africa,Afrikaans,Web Development,2
FL250227,Chelsea,Barber,Chelsea,29,Germany,Germany,Machine Learning,10
FL250228,Elaine,Martinez,Elaine,54,Canada,English,Graphic Design,33
FL250229,Joseph,Kent,Joseph,52,Mexico,Spanish,Machine Learning,12
FL250230,Megan,Welch,Megan,55,Indonesia,Indonesian,Blockchain Development,18
FL250231,Stephen,Ramirez,Stephen,37,Brazil,Portuguese,Blockchain Development,4
FL250232,Chloe,Gray,Chloe,34,Egypt,Arabic,Data Analysis,11
FL250233,Michael,Williams jr,Michael,20,France,French,Data Analysis,1
FL250234,Matthew,Martin,Matthew,22,Mexico,Spanish,UI/UX Design,2
FL250235,Julia,Murphy,Julia,23,South Korea,Korean,Graphic Design,2
FL250236,Anna,Evans,Anna,53,South Korea,Korean,Blockchain Development,34
FL250237,Brenda,Fleming,Brenda,56,South Korea,Korean,Graphic Design,27
FL250238,Daniel,Harrington,Daniel,27,Canada,English,AI,4
FL250239,Daniel,Barnett,Daniel,34,Italy,Italian,Mobile Apps,11
FL250240,Mark,Cummings,Mark,29,US,English,Web Development,4
FL250241,Christopher,Guerra,Christopher,34,India,Hindi,AI,11
FL250242,Sarah,Ho,Sarah,32,Mexico,Spanish,AI,1
FL250243,Veronica,Thomas,Veronica,21,South Africa,Afrikaans,Machine Learning,2
FL250244,Mitchell,Watson,Mitchell,20,Mexico,Spanish,Graphic Design,2
FL250245,Monica,Murphy,Monica,35,US,English,Mobile Apps,10
FL250246,Kristen,Williams,Kristen,47,US,English,UI/UX Design,18
FL250247,Nicole,Wright,Nicole,41,Turkey,Turkish,Blockchain Development,4
FL250248,Andrew,Ruiz,Andrew,58,Argentina,Spanish,Web Development,23
FL250249,Zachary,Jackson,Zachary,34,China,Mandarin,Data Analysis,6
FL250250,Stephanie,Carter,Stephanie,50,India,Hindi,Mobile Apps,5
FL250251,Amy,Olson,Amy,42,Mexico,Spanish,DevOps,19
FL250252,Fred,Stark,Fred,43,Germany,Germany,UI/UX Design,6
FL250253,Jacob,Gill,Jacob,34,Germany,Germany,Data Analysis,8
FL250254,Anthony,Nichols,Anthony,24,Spain,Spanish,Mobile Apps,3
FL250255,William,Knapp,William,48,South Africa,Afrikaans,UI/UX Design,8
FL250256,Elizabeth,Walker,Elizabeth,39,South Korea,Korean,Data Analysis,12
FL250257,Brenda,Reeves,Brenda,57,Australia,English,Blockchain Development,30
FL250258,Carrie,Little,Carrie,44,Canada,English,Web Development,21
FL250259,Steven,Jackson,Steven,37,Brazil,Portuguese,UI/UX Design,17
FL250260,Mark,Perry,Mark,50,Turkey,Turkish,Data Analysis,9
FL250261,Cameron,Spencer,Cameron,50,Spain,Spanish,UI/UX Design,2
FL250262,Jennifer,Holmes,Jennifer,28,France,French,Graphic Design,1
FL250263,Jacob,Joseph,Jacob,48,Italy,Italian,Web Development,23
FL250264,Jeffery,Tucker,Jeffery,42,Germany,Germany,DevOps,8
FL250265,Jacqueline,Drake,Jacqueline,37,Canada,English,Data Analysis,6
FL250266,Brian,Bautista,Brian,21,India,Hindi,Blockchain Development,1
FL250267,Dakota,Wells,Dakota,50,South Korea,Korean,Web Development,19
FL250268,Julie,White,Julie,22,Argentina,Spanish,AI,2
FL250269,Barbara,Keith,Barbara,39,Japan,Japanese,Web Development,21
FL250270,Heather,Camacho,Heather,25,Japan,Japanese,Machine Learning,3
FL250271,Melanie,Harris,Melanie,47,South Africa,Afrikaans,Mobile Apps,14
FL250272,Jacqueline,Peterson,Jacqueline,35,South Africa,Afrikaans,UI/UX Design,10
FL250273,Nancy,Long,Nancy,,UK,English,Cybersecurity,5
FL250274,Mr.juan,Mitchell,Mr.juan,35,Netherlands,Dutch,Blockchain Development,6
FL250275,William,Gaines,William,59,France,French,Web Development,21
FL250276,Haley,Yates,Haley,26,China,Mandarin,UI/UX Design,4
FL250277,Richard,Mcguire,Richard,44,Russia,Russian,Machine Learning,18
FL250278,Stephanie,Fisher,Stephanie,31,South Africa,Afrikaans,UI/UX Design,12
FL250279,Anthony,Goodwin dds,Anthony,60,Turkey,Turkish,Data Analysis,6
FL250280,Meagan,Walters,Meagan,23,UK,English,Blockchain Development,4
FL250281,David,Powell,David,42,Indonesia,Indonesian,UI/UX Design,13
FL250282,Kelly,Jones,Kelly,48,India,Hindi,Mobile Apps,6
FL250283,Dr.michael,Aguilar,Dr.michael,42,Netherlands,Dutch,Graphic Design,10
FL250284,Alex,Novak,Alex,52,South Korea,Korean,Cybersecurity,20
FL250285,Ann,Contreras,Ann,55,Japan,Japanese,Web Development,20
FL250286,Mary,Reed,Mary,58,South Africa,Afrikaans,Cybersecurity,11
FL250287,Lauren,Ross,Lauren,46,South Korea,Korean,Machine Learning,12
FL250288,Candice,Wise,Candice,45,Spain,Spanish,Machine Learning,1
FL250289,Joyce,Humphrey,Joyce,56,India,Hindi,Machine Learning,2
FL250290,James,Carr,James,44,UK,English,Blockchain Development,13
FL250291,Joseph,Mendoza,Joseph,46,Indonesia,Indonesian,UI/UX Design,0
FL250292,Cathy,Baldwin,Cathy,27,Japan,Japanese,Web Development,7
FL250293,Christine,Hart,Christine,49,India,Hindi,Blockchain Development,13
FL250294,Mike,Stanley,Mike,53,Mexico,Spanish,Web Development,21
FL250295,Jeffrey,Edwards,Jeffrey,56,Australia,English,Web Development,19
FL250296,Amy,Lee,Amy,56,UK,English,DevOps,34
FL250297,Mark,Thompson,Mark,38,South Africa,Afrikaans,Data Analysis,3
FL250298,Alex,Wilson,Alex,20,South Korea,Korean,Mobile Apps,0
FL250299,Nancy,Mendez,Nancy,38,Canada,English,Machine Learning,20
FL250300,Beth,Crane,Beth,,Netherlands,Dutch,Mobile Apps,6
FL250301,Miguel,Rogers,Miguel,46,India,Hindi,Machine Learning,13
FL250302,Thomas,Robles,Thomas,36,South Africa,Afrikaans,Data Analysis,9
FL250303,Joel,Brown III,Joel,33,Russia,Russian,Web Development,2
FL250304,Olivia,Schultz,Olivia,37,Canada,English,Graphic Design,0
FL250305,Clayton,Pena,Clayton,20,Egypt,Arabic,Data Analysis,0
FL250306,Ashley,Salazar,Ashley,48,China,Mandarin,Data Analysis,2
FL250307,Robert,Lucas,Robert,27,France,French,Cybersecurity,2
FL250308,David,Cox,David,34,South Korea,Korean,Mobile Apps,1
FL250309,Christian,Campbell,Christian,55,Brazil,Portuguese,Machine Learning,14
FL250310,Mrs.angela,ward,Mrs.angela,44,South Africa,Afrikaans,Machine Learning,14
FL250311,Lucas,Chen,Lucas,31,Netherlands,Dutch,UI/UX Design,2
FL250312,Ruben,Nelson,Ruben,34,Australia,English,DevOps,1
FL250313,Brenda,Briggs,Brenda,47,Brazil,Portuguese,DevOps,13
FL250314,Ronald,Smith,Ronald,50,US,English,Graphic Design,23
FL250315,Dakota,Giles,Dakota,39,Germany,Germany,Cybersecurity,0
FL250316,Angela,Castillo,Angela,26,Argentina,Spanish,Blockchain Development,3
FL250317,Allen,Lee,Allen,,Netherlands,Dutch,DevOps,0
FL250318,Michael,Rogers,Michael,32,Germany,Germany,Graphic Design,0
FL250319,Danielle,Costa,Danielle,55,Russia,Russian,Data Analysis,17
FL250320,William,Nunez,William,32,Argentina,Spanish,Machine Learning,9
FL250321,Christopher,Riggs,Christopher,30,South Korea,Korean,Blockchain Development,4
FL250322,Kathryn,Myers,Kathryn,37,Canada,English,Cybersecurity,0
FL250323,Robert,Walls,Robert,52,Brazil,Portuguese,Graphic Design,33
FL250324,Justin,Johnson,Justin,48,India,Hindi,Cybersecurity,18
FL250325,Paula,Stevens,Paula,28,Japan,Japanese,Mobile Apps,9
FL250326,Jennifer,Allen,Jennifer,58,Spain,Spanish,Data Analysis,40
FL250327,Mark,Hudson,Mark,30,Argentina,Spanish,Web Development,1
FL250328,Jessica,Smith,Jessica,47,China,Mandarin,Mobile Apps,5
FL250329,Mike,Dean,Mike,44,Argentina,Spanish,AI,4
FL250330,Jose,Wilson,Jose,56,Italy,Italian,Machine Learning,13
FL250331,Tammy,Hill,Tammy,53,US,English,Mobile Apps,33
FL250332,Nathaniel,Flores,Nathaniel,59,UK,English,Mobile Apps,22
FL250333,Edwin,Carter,Edwin,60,US,English,DevOps,34
FL250334,Patricia,Miller,Patricia,33,Germany,Germany,Mobile Apps,8
FL250335,Rebecca,Schneider,Rebecca,21,Argentina,Spanish,Web Development,1
FL250336,John,Greene,John,54,UK,English,UI/UX Design,20
FL250337,Brittany,Mcdowell,Brittany,33,US,English,Graphic Design,11
FL250338,Lori,Miller,Lori,57,Turkey,Turkish,Data Analysis,2
FL250339,Joseph,Robinson,Joseph,36,South Korea,Korean,Graphic Design,6
FL250340,Aaron,Pruitt,Aaron,50,Germany,Germany,Blockchain Development,20
FL250341,Victoria,Miller,Victoria,37,Canada,English,DevOps,0
FL250342,Clarence,Vega,Clarence,53,Italy,Italian,AI,4
FL250343,Deborah,Day,Deborah,22,Italy,Italian,Blockchain Development,3
FL250344,Nicole,Rocha,Nicole,55,Netherlands,Dutch,Mobile Apps,33
FL250345,Elijah,Green,Elijah,22,Australia,English,Cybersecurity,1
FL250346,Emily,Johnson,Emily,45,Turkey,Turkish,Web Development,23
FL250347,Richard,Velasquez jr,Richard,36,France,French,Data Analysis,13
FL250348,Kurt,Wilson,Kurt,23,Australia,English,DevOps,1
FL250349,Jeremiah,Rodriguez,Jeremiah,55,Italy,Italian,DevOps,15
FL250350,Lauren,Lang,Lauren,50,Brazil,Portuguese,Mobile Apps,18
FL250351,Matthew,Phillips,Matthew,48,US,English,Machine Learning,21
FL250352,Michael,Andersen,Michael,23,Netherlands,Dutch,DevOps,1
FL250353,Amanda,Mayo,Amanda,49,Canada,English,Web Development,25
FL250354,Jessica,Vance,Jessica,47,Italy,Italian,Cybersecurity,12
FL250355,Alexa,Gallegos,Alexa,56,Japan,Japanese,Graphic Design,32
FL250356,Charles,Pratt,Charles,58,Argentina,Spanish,UI/UX Design,0
FL250357,Brian,Baker,Brian,32,South Korea,Korean,UI/UX Design,10
FL250358,Christina,Norman,Christina,52,India,Hindi,UI/UX Design,0
FL250359,Laura,Kelly,Laura,22,China,Mandarin,Data Analysis,1
FL250360,John,Webb,John,20,India,Hindi,Cybersecurity,2
FL250361,Christopher,Burton,Christopher,56,Netherlands,Dutch,Data Analysis,9
FL250362,Bradley,Aguilar,Bradley,41,Japan,Japanese,Data Analysis,22
FL250363,Arthur,Vasquez,Arthur,25,Argentina,Spanish,Blockchain Development,5
FL250364,Angela,Castro,Angela,44,Canada,English,Cybersecurity,6
FL250365,Summer,Yoder,Summer,46,Australia,English,Web Development,26
FL250366,Jackie,Allen,Jackie,40,South Korea,Korean,Blockchain Development,0
FL250367,Brandon,Williams,Brandon,,China,Mandarin,AI,9
FL250368,Manuel,Torres,Manuel,31,Japan,Japanese,Data Analysis,11
FL250369,Scott,Keller,Scott,33,South Korea,Korean,Machine Learning,0
FL250370,Deborah,Brown,Deborah,31,Brazil,Portuguese,Machine Learning,3
FL250371,Jennifer,Lara,Jennifer,49,Italy,Italian,Data Analysis,15
FL250372,Jason,Scott,Jason,35,Mexico,Spanish,Graphic Design,12
FL250373,Gregory,Garrison,Gregory,45,India,Hindi,Data Analysis,19
FL250374,Chelsea,Anderson,Chelsea,39,Netherlands,Dutch,Data Analysis,13
FL250375,Gerald,Johnson,Gerald,40,Argentina,Spanish,Blockchain Development,0
FL250376,Kevin,Ellis,Kevin,24,Germany,Germany,Cybersecurity,3
FL250377,Mitchell,Keller,Mitchell,50,Australia,English,Graphic Design,26
FL250378,Mary,Brown,Mary,23,Germany,Germany,Machine Learning,4
FL250379,Ronald,Walls,Ronald,27,Canada,English,Cybersecurity,8
FL250380,Anthony,Avila,Anthony,58,South Africa,Afrikaans,AI,10
FL250381,Douglas,Goodwin,Douglas,37,Italy,Italian,Machine Learning,5
FL250382,James,Mills,James,39,Spain,Spanish,Blockchain Development,18
FL250383,Nicole,Marks,Nicole,46,Egypt,Arabic,Data Analysis,10
FL250384,Phyllis,Dawson,Phyllis,,UK,English,UI/UX Design,0
FL250385,Renee,Arnold,Renee,39,Mexico,Spanish,Blockchain Development,21
FL250386,Eric,Robinson,Eric,59,Egypt,Arabic,Blockchain Development,25
FL250387,Paul,Brown,Paul,21,Netherlands,Dutch,DevOps,0
FL250388,Sarah,Proctor,Sarah,23,Canada,English,DevOps,5
FL250389,Matthew,Hicks,Matthew,27,Egypt,Arabic,Web Development,1
FL250390,Christopher,Black,Christopher,27,China,Mandarin,Cybersecurity,4
FL250391,Joanne,Reyes,Joanne,48,South Africa,Afrikaans,Data Analysis,21
FL250392,Isaac,Gray,Isaac,21,South Africa,Afrikaans,AI,1
FL250393,Joshua,Roberts,Joshua,37,Italy,Italian,DevOps,0
FL250394,Elizabeth,Estrada,Elizabeth,31,Germany,Germany,UI/UX Design,10
FL250395,Lori,Malone,Lori,41,Egypt,Arabic,Blockchain Development,21
FL250396,Anthony,Huynh md,Anthony,31,Russia,Russian,Cybersecurity,0
FL250397,Mindy,York,Mindy,58,Argentina,Spanish,Data Analysis,0
FL250398,Ms.christine,Cherry,Ms.christine,45,Netherlands,Dutch,Data Analysis,17
FL250399,Daniel,Foster,Daniel,51,South Korea,Korean,Cybersecurity,5
FL250400,Mr.david,valencia,Mr.david,54,US,English,UI/UX Design,3
FL250401,Ethan,Adams,Ethan,22,Russia,Russian,Data Analysis,1
FL250402,Brett,Moore,Brett,36,Turkey,Turkish,Cybersecurity,2
FL250403,Phillip,Griffin,Phillip,50,Germany,Germany,DevOps,32
FL250404,Stacie,Wall,Stacie,41,Australia,English,Blockchain Development,14
FL250405,Jacob,Austin,Jacob,,South Africa,Afrikaans,Web Development,10
FL250406,Sabrina,Davidson,Sabrina,51,Netherlands,Dutch,Cybersecurity,27
FL250407,Dustin,Douglas,Dustin,21,France,French,AI,2
FL250408,Steven,Norris,Steven,51,Japan,Japanese,AI,33
FL250409,Mindy,Sullivan,Mindy,37,Indonesia,Indonesian,Graphic Design,11
FL250410,Elizabeth,Stone,Elizabeth,20,Spain,Spanish,Graphic Design,2
FL250411,Diane,Flores,Diane,50,Australia,English,Web Development,31
FL250412,Jessica,Erickson,Jessica,58,Turkey,Turkish,Graphic Design,17
FL250413,Sara,Moses,Sara,40,Brazil,Portuguese,UI/UX Design,2
FL250414,Allison,Henderson,Allison,26,Egypt,Arabic,Web Development,2
FL250415,Susan,Dixon,Susan,44,South Korea,Korean,Cybersecurity,22
FL250416,David,Morrison,David,42,Mexico,Spanish,Machine Learning,8
FL250417,Jason,Carter,Jason,38,Mexico,Spanish,Data Analysis,9
FL250418,James,Jacobs,James,51,Egypt,Arabic,Web Development,32
FL250419,Kathleen,Quinn,Kathleen,36,France,French,AI,8
FL250420,Natalie,Frank md,Natalie,37,Australia,English,Mobile Apps,10
FL250421,Michael,Reed,Michael,31,South Africa,Afrikaans,DevOps,0
FL250422,Sheila,Smith,Sheila,47,India,Hindi,Cybersecurity,22
FL250423,Morgan,Ford,Morgan,60,Mexico,Spanish,UI/UX Design,34
FL250424,Linda,Schultz,Linda,48,Argentina,Spanish,Mobile Apps,5
FL250425,Regina,Daniel,Regina,24,India,Hindi,AI,3
FL250426,Allison,Perkins,Allison,35,Netherlands,Dutch,Machine Learning,10
FL250427,Bradley,Weaver,Bradley,35,US,English,DevOps,0
FL250428,Sarah,Hall,Sarah,29,Netherlands,Dutch,UI/UX Design,6
FL250429,Diana,Walton,Diana,36,Italy,Italian,Machine Learning,1
FL250430,Donna,Davis,Donna,44,Canada,English,AI,0
FL250431,Christopher,Mcclain,Christopher,44,South Africa,Afrikaans,Web Development,0
FL250432,Dr.paul,williamson,Dr.paul,40,India,Hindi,AI,13
FL250433,Barbara,Brown,Barbara,53,Netherlands,Dutch,Machine Learning,13
FL250434,Kimberly,Allen,Kimberly,35,Germany,Germany,Blockchain Development,0
FL250435,Elizabeth,Edwards,Elizabeth,27,Argentina,Spanish,Machine Learning,7
FL250436,Anthony,Downs,Anthony,34,Australia,English,DevOps,6
FL250437,Jack,Ortega,Jack,24,India,Hindi,Cybersecurity,2
FL250438,Marvin,Moore,Marvin,57,US,English,UI/UX Design,13
FL250439,Tony,French,Tony,28,South Korea,Korean,UI/UX Design,7
FL250440,Stacy,Hudson,Stacy,26,Italy,Italian,DevOps,7
FL250441,Scott,Washington,Scott,34,Argentina,Spanish,Mobile Apps,15
FL250442,Timothy,Wright,Timothy,43,Japan,Japanese,AI,0
FL250443,Joseph,Gonzalez,Joseph,31,China,Mandarin,Graphic Design,5
FL250444,Andrea,Perez,Andrea,34,China,Mandarin,Blockchain Development,0
FL250445,Angel,Collins,Angel,32,Russia,Russian,Cybersecurity,10
FL250446,Daniel,Terry,Daniel,24,Egypt,Arabic,DevOps,6
FL250447,Steven,Whitaker,Steven,35,UK,English,AI,8
FL250448,Denise,Neal,Denise,22,Australia,English,Mobile Apps,4
FL250449,Amanda,Jacobs,Amanda,55,Egypt,Arabic,AI,3
FL250450,Karen,Mercer,Karen,54,Argentina,Spanish,Machine Learning,0
FL250451,Lindsay,Hudson,Lindsay,36,Netherlands,Dutch,Cybersecurity,11
FL250452,Stephanie,Armstrong,Stephanie,36,Netherlands,Dutch,AI,17
FL250453,Dr.jessica,Campbell,Dr.jessica,25,Argentina,Spanish,Web Development,1
FL250454,Curtis,Maxwell,Curtis,46,Indonesia,Indonesian,AI,16
FL250455,Adam,Kelly phd,Adam,41,Argentina,Spanish,Machine Learning,11
FL250456,Julie,Becker,Julie,21,Russia,Russian,Mobile Apps,3
FL250457,James,Moore,James,29,US,English,Graphic Design,0
FL250458,Danielle,Barrera,Danielle,44,US,English,Mobile Apps,3
FL250459,David,Sanchez,David,40,Canada,English,Machine Learning,1
FL250460,Tiffany,Bowman,Tiffany,27,Egypt,Arabic,Data Analysis,1
FL250461,Jesus,Quinn,Jesus,53,France,French,Mobile Apps,35
FL250462,Mr.danny,Morris dds,Mr.danny,20,Turkey,Turkish,Data Analysis,1
FL250463,Nicole,York,Nicole,,Japan,Japanese,DevOps,12
FL250464,John,Mathis,John,26,Mexico,Spanish,Web Development,8
FL250465,Julie,Barnett,Julie,49,Brazil,Portuguese,Machine Learning,13
FL250466,Jasmine,Harris,Jasmine,20,Egypt,Arabic,Data Analysis,0
FL250467,Mary,Henry,Mary,39,China,Mandarin,Blockchain Development,11
FL250468,Judith,Riggs,Judith,41,China,Mandarin,Machine Learning,19
FL250469,Justin,Ruiz,Justin,59,Canada,English,Mobile Apps,30
FL250470,Jennifer,Sullivan,Jennifer,45,Australia,English,Blockchain Development,8
FL250471,Jesse,Moran,Jesse,22,Indonesia,Indonesian,Cybersecurity,0
FL250472,Monica,Smith,Monica,48,India,Hindi,Mobile Apps,7
FL250473,Ian,May,Ian,36,France,French,Blockchain Development,11
FL250474,Kayla,Meyers,Kayla,57,China,Mandarin,Blockchain Development,0
FL250475,John,Bray,John,42,US,English,UI/UX Design,14
FL250476,James,Smith,James,31,Indonesia,Indonesian,Cybersecurity,11
FL250477,Mark,Duncan,Mark,52,Spain,Spanish,Cybersecurity,31
FL250478,Matthew,Gay,Matthew,56,Netherlands,Dutch,DevOps,16
FL250479,Cheryl,Freeman,Cheryl,24,Netherlands,Dutch,DevOps,6
FL250480,Patrick,Welch,Patrick,48,Canada,English,DevOps,21
FL250481,Craig,Levine,Craig,59,France,French,Cybersecurity,13
FL250482,Richard,Harvey,Richard,40,UK,English,Web Development,0
FL250483,Bonnie,Sherman,Bonnie,,Netherlands,Dutch,Mobile Apps,11
FL250484,Keith,Trujillo,Keith,25,Netherlands,Dutch,Mobile Apps,0
FL250485,Corey,Combs,Corey,31,Egypt,Arabic,Mobile Apps,2
FL250486,Antonio,King,Antonio,40,Turkey,Turkish,DevOps,12
FL250487,Amy,Lee,Amy,48,Russia,Russian,Blockchain Development,13
FL250488,Jennifer,Rogers,Jennifer,24,South Africa,Afrikaans,Mobile Apps,6
FL250489,Jeffrey,Cooper,Jeffrey,33,Indonesia,Indonesian,Web Development,10
FL250490,Allison,Williams,Allison,43,Brazil,Portuguese,UI/UX Design,2
FL250491,Raymond,Sherman,Raymond,43,Spain,Spanish,Blockchain Development,4
FL250492,Jennifer,Nelson,Jennifer,33,Australia,English,Web Development,11
FL250493,Jennifer,Carter,Jennifer,49,Russia,Russian,UI/UX Design,14
FL250494,Todd,Williams,Todd,55,Canada,English,UI/UX Design,10
FL250495,Emily,Horton,Emily,33,South Korea,Korean,Graphic Design,3
FL250496,Lance,Lester,Lance,32,Argentina,Spanish,AI,3
FL250497,Kevin,Flores,Kevin,58,Netherlands,Dutch,Blockchain Development,33
FL250498,Aaron,Stewart phd,Aaron,49,Indonesia,Indonesian,Data Analysis,24
FL250499,Robin,Moore,Robin,22,Russia,Russian,UI/UX Design,3
FL250500,Suzanne,Ingram,Suzanne,40,Egypt,Arabic,Web Development,11
FL250501,Jacob,Mclaughlin,Jacob,55,Australia,English,Data Analysis,7
FL250502,Michael,Nunez,Michael,32,Mexico,Spanish,DevOps,1
FL250503,Isabel,Brown,Isabel,21,Japan,Japanese,UI/UX Design,0
FL250504,Michael,Stein,Michael,23,South Korea,Korean,Blockchain Development,1
FL250505,Robert,Stone,Robert,21,UK,English,Mobile Apps,1
FL250506,Dillon,Henry,Dillon,31,Argentina,Spanish,AI,7
FL250507,James,Todd,James,21,Mexico,Spanish,Blockchain Development,0
FL250508,Clifford,Moore md,Clifford,33,UK,English,Cybersecurity,6
FL250509,John,Rios,John,57,Brazil,Portuguese,Web Development,5
FL250510,Anthony,Gaines,Anthony,52,US,English,DevOps,17
FL250511,Kristi,Brown dvm,Kristi,21,Germany,Germany,Web Development,0
FL250512,Ashley,Odonnell,Ashley,36,Argentina,Spanish,UI/UX Design,8
FL250513,Ronald,Elliott,Ronald,33,Spain,Spanish,Machine Learning,13
FL250514,Lorraine,Lowery,Lorraine,54,UK,English,Data Analysis,15
FL250515,Victoria,Chapman,Victoria,33,US,English,Blockchain Development,2
FL250516,Heather,Davis,Heather,36,Japan,Japanese,Machine Learning,9
FL250517,Diana,Chase,Diana,36,Turkey,Turkish,AI,3
FL250518,Danielle,Adkins,Danielle,43,China,Mandarin,AI,15
FL250519,Kenneth,Arias,Kenneth,52,UK,English,Data Analysis,21
FL250520,Victoria,Owen,Victoria,28,Indonesia,Indonesian,Cybersecurity,2
FL250521,Christina,King,Christina,47,China,Mandarin,Cybersecurity,21
FL250522,Samantha,King,Samantha,30,France,French,DevOps,0
FL250523,Scott,Compton,Scott,36,Egypt,Arabic,Blockchain Development,4
FL250524,Monica,West,Monica,45,US,English,UI/UX Design,23
FL250525,Theresa,Stewart,Theresa,51,US,English,Blockchain Development,25
FL250526,Steven,Kim,Steven,46,Turkey,Turkish,Mobile Apps,10
FL250527,Kristi,Knight,Kristi,38,Italy,Italian,Data Analysis,18
FL250528,Jason,Bryant,Jason,26,Spain,Spanish,Blockchain Development,1
FL250529,Maureen,Keith,Maureen,40,UK,English,DevOps,12
FL250530,Shawn,Hogan,Shawn,37,Germany,Germany,Machine Learning,0
FL250531,William,Davis,William,28,Canada,English,Blockchain Development,5
FL250532,Stacy,Bailey,Stacy,48,India,Hindi,Mobile Apps,28
FL250533,Thomas,Dixon,Thomas,22,India,Hindi,AI,0
FL250534,Maria,Hall,Maria,41,Germany,Germany,Web Development,14
FL250535,Tony,Lee,Tony,38,US,English,Graphic Design,15
FL250536,Catherine,Mccoy md,Catherine,31,South Africa,Afrikaans,UI/UX Design,9
FL250537,Maria,Benitez,Maria,30,China,Mandarin,Mobile Apps,9
FL250538,Joshua,Chambers,Joshua,51,Mexico,Spanish,UI/UX Design,22
FL250539,Janice,Daniels,Janice,21,Germany,Germany,DevOps,0
FL250540,Carla,Wood,Carla,20,Italy,Italian,DevOps,1
FL250541,Kenneth,Vasquez,Kenneth,30,Japan,Japanese,Blockchain Development,5
FL250542,Kevin,Smith,Kevin,41,China,Mandarin,Data Analysis,0
FL250543,Thomas,Kim,Thomas,22,Spain,Spanish,Blockchain Development,0
FL250544,Sean,Park,Sean,45,Mexico,Spanish,Cybersecurity,19
FL250545,Judith,Poole,Judith,22,Australia,English,Data Analysis,2
FL250546,Melanie,Baird,Melanie,20,Turkey,Turkish,Mobile Apps,0
FL250547,Erika,Mitchell,Erika,20,Canada,English,Data Analysis,2
FL250548,Ricky,Martinez,Ricky,21,UK,English,AI,0
FL250549,John,Christian,John,22,Netherlands,Dutch,Cybersecurity,1
FL250550,Nancy,Smith,Nancy,28,UK,English,DevOps,3
FL250551,Cassandra,Stephens,Cassandra,59,Argentina,Spanish,AI,0
FL250552,Miss.janet,donovan md,Miss.janet,28,France,French,Web Development,1
FL250553,Kristina,Williams,Kristina,40,Australia,English,DevOps,0
FL250554,Wayne,Barnes,Wayne,57,Italy,Italian,Blockchain Development,7
FL250555,James,Hinton,James,47,Turkey,Turkish,DevOps,1
FL250556,David,Spence,David,48,South Korea,Korean,Cybersecurity,21
FL250557,Tyler,Cooper,Tyler,28,US,English,UI/UX Design,1
FL250558,Sean,Martinez,Sean,41,Turkey,Turkish,Graphic Design,15
FL250559,Janet,Barron,Janet,57,South Africa,Afrikaans,Cybersecurity,33
FL250560,Rodney,Wilson,Rodney,60,Argentina,Spanish,Graphic Design,39
FL250561,Kimberly,Fitzgerald,Kimberly,48,Egypt,Arabic,Graphic Design,21
FL250562,Nicole,Davis,Nicole,24,France,French,Cybersecurity,5
FL250563,Elizabeth,Hayes,Elizabeth,33,Mexico,Spanish,DevOps,11
FL250564,Kathy,Faulkner,Kathy,20,Turkey,Turkish,Graphic Design,0
FL250565,John,Gonzales,John,59,UK,English,DevOps,15
FL250566,Shannon,Luna,Shannon,42,China,Mandarin,DevOps,22
FL250567,Stephanie,Burton,Stephanie,22,Turkey,Turkish,UI/UX Design,3
FL250568,Kevin,Gonzales,Kevin,41,Canada,English,Cybersecurity,11
FL250569,Dawn,Hardy,Dawn,25,Argentina,Spanish,Web Development,5
FL250570,Margaret,Perkins,Margaret,38,Canada,English,UI/UX Design,3
FL250571,Amanda,Vargas,Amanda,43,US,English,DevOps,1
FL250572,Tonya,Gonzalez,Tonya,54,Mexico,Spanish,AI,1
FL250573,Elizabeth,Bowman,Elizabeth,31,Indonesia,Indonesian,Mobile Apps,2
FL250574,Ariana,Pittman,Ariana,56,Mexico,Spanish,AI,3
FL250575,Antonio,Johnson,Antonio,46,Mexico,Spanish,Graphic Design,11
FL250576,Justin,Lang,Justin,60,Egypt,Arabic,AI,0
FL250577,Kelli,Ramirez,Kelli,28,South Korea,Korean,Graphic Design,2
FL250578,Deborah,Torres,Deborah,43,Indonesia,Indonesian,Web Development,20
FL250579,Joseph,Horn,Joseph,41,France,French,Web Development,11
FL250580,Christopher,Robinson,Christopher,41,UK,English,DevOps,0
FL250581,Sandra,Mccormick,Sandra,40,UK,English,Mobile Apps,20
FL250582,Michael,Holland,Michael,45,Germany,Germany,DevOps,3
FL250583,Kenneth,Stevenson,Kenneth,47,Egypt,Arabic,DevOps,28
FL250584,Timothy,Bennett,Timothy,34,India,Hindi,Data Analysis,0
FL250585,Gregory,Randall,Gregory,47,US,English,UI/UX Design,4
FL250586,Charles,Martinez,Charles,32,Mexico,Spanish,UI/UX Design,9
FL250587,James,Hall,James,28,UK,English,Mobile Apps,2
FL250588,Michael,Garcia,Michael,32,Australia,English,DevOps,1
FL250589,Michele,Duran,Michele,49,Netherlands,Dutch,AI,2
FL250590,Jessica,Gray,Jessica,36,Argentina,Spanish,Mobile Apps,16
FL250591,Keith,Shaffer,Keith,59,Mexico,Spanish,Blockchain Development,22
FL250592,Jessica,Decker,Jessica,52,Canada,English,Cybersecurity,22
FL250593,Brianna,Pittman,Brianna,24,China,Mandarin,Blockchain Development,5
FL250594,Kimberly,Hunter,Kimberly,26,Australia,English,Graphic Design,2
FL250595,Daniel,Martin,Daniel,55,Canada,English,Cybersecurity,24
FL250596,Rachel,Smith,Rachel,56,Italy,Italian,Mobile Apps,37
FL250597,Michael,Miller,Michael,36,France,French,Graphic Design,3
FL250598,Willie,Clark,Willie,48,Argentina,Spanish,Web Development,18
FL250599,Jeremy,Hernandez,Jeremy,55,Egypt,Arabic,Machine Learning,6
FL250600,Tina,Shelton,Tina,56,Spain,Spanish,DevOps,17
FL250601,Dr.pamela,larson,Dr.pamela,28,Canada,English,Blockchain Development,1
FL250602,Ryan,Ewing,Ryan,60,US,English,AI,39
FL250603,Mark,Cochran,Mark,34,South Korea,Korean,Blockchain Development,15
FL250604,Martha,Carson,Martha,38,Indonesia,Indonesian,AI,13
FL250605,Heather,Jackson,Heather,51,South Korea,Korean,Web Development,17
FL250606,Megan,Young,Megan,21,Japan,Japanese,Mobile Apps,1
FL250607,Thomas,Davis,Thomas,35,Italy,Italian,UI/UX Design,16
FL250608,Thomas,Mooney,Thomas,27,Brazil,Portuguese,Web Development,9
FL250609,Susan,Smith,Susan,42,Turkey,Turkish,Mobile Apps,20
FL250610,Brianna,Orr,Brianna,52,Canada,English,Blockchain Development,29
FL250611,Dustin,Smith,Dustin,53,South Korea,Korean,Web Development,21
FL250612,Sarah,White,Sarah,54,Italy,Italian,Mobile Apps,28
FL250613,Michael,Davis,Michael,51,Japan,Japanese,Graphic Design,5
FL250614,Jennifer,Phillips,Jennifer,30,South Korea,Korean,Web Development,0
FL250615,Dana,Sanders,Dana,45,Netherlands,Dutch,Machine Learning,27
FL250616,Daniel,Quinn,Daniel,57,Indonesia,Indonesian,Graphic Design,26
FL250617,Matthew,Steele,Matthew,38,Turkey,Turkish,Blockchain Development,19
FL250618,Michele,Taylor,Michele,42,Russia,Russian,DevOps,24
FL250619,Ashley,Hammond,Ashley,30,South Africa,Afrikaans,DevOps,7
FL250620,Nicole,Taylor,Nicole,43,Australia,English,Web Development,13
FL250621,Casey,Bush,Casey,22,Egypt,Arabic,UI/UX Design,2
FL250622,Samuel,Patterson,Samuel,57,Mexico,Spanish,Machine Learning,37
FL250623,Craig,Dennis,Craig,44,UK,English,Graphic Design,1
FL250624,Heidi,Dixon,Heidi,46,China,Mandarin,DevOps,5
FL250625,David,Bishop,David,,Spain,Spanish,Blockchain Development,1
FL250626,Laura,Butler,Laura,34,Australia,English,Data Analysis,2
FL250627,Denise,Erickson,Denise,46,Italy,Italian,Mobile Apps,0
FL250628,Nicole,Austin,Nicole,22,France,French,Blockchain Development,0
FL250629,Summer,Williams,Summer,23,South Africa,Afrikaans,AI,0
FL250630,Angela,Blackwell,Angela,60,Turkey,Turkish,Web Development,41
FL250631,Thomas,Wall,Thomas,20,Canada,English,DevOps,0
FL250632,Sarah,Anderson,Sarah,41,South Korea,Korean,UI/UX Design,23
FL250633,Christian,Lane,Christian,24,France,French,Mobile Apps,0
FL250634,Todd,Casey,Todd,44,Netherlands,Dutch,Machine Learning,4
FL250635,David,Martinez,David,52,China,Mandarin,UI/UX Design,4
FL250636,Donald,Salas,Donald,35,Spain,Spanish,Machine Learning,13
FL250637,Emma,Hicks,Emma,24,Netherlands,Dutch,DevOps,2
FL250638,Alison,Clark,Alison,46,Australia,English,Cybersecurity,25
FL250639,Andrew,Barnes,Andrew,57,Mexico,Spanish,Mobile Apps,18
FL250640,Gina,Snyder,Gina,49,Mexico,Spanish,Web Development,24
FL250641,David,Watson,David,41,Japan,Japanese,AI,7
FL250642,John,Davis,John,22,Mexico,Spanish,Machine Learning,1
FL250643,Joseph,Thomas,Joseph,50,Australia,English,Blockchain Development,17
FL250644,Dean,Finley,Dean,57,Germany,Germany,Graphic Design,4
FL250645,Ashley,Kemp,Ashley,47,Mexico,Spanish,AI,29
FL250646,Kenneth,Evans,Kenneth,24,South Africa,Afrikaans,Data Analysis,2
FL250647,Brandon,Newman,Brandon,,India,Hindi,Cybersecurity,9
FL250648,Katie,Hensley,Katie,50,Germany,Germany,DevOps,10
FL250649,Joel,Randolph,Joel,46,Brazil,Portuguese,Machine Learning,20
FL250650,Andrew,Scott,Andrew,51,Australia,English,Cybersecurity,9
FL250651,Zachary,Ochoa,Zachary,51,UK,English,AI,12
FL250652,John,Arroyo,John,27,UK,English,AI,3
FL250653,Matthew,Fernandez,Matthew,42,Spain,Spanish,Web Development,13
FL250654,Benjamin,Stark,Benjamin,25,Germany,Germany,UI/UX Design,4
FL250655,Tammy,Greer,Tammy,32,Germany,Germany,Data Analysis,9
FL250656,Cynthia,Mckinney,Cynthia,59,Canada,English,Graphic Design,14
FL250657,Wendy,Rice,Wendy,59,France,French,Cybersecurity,37
FL250658,Randy,Bender,Randy,29,Germany,Germany,Graphic Design,2
FL250659,Richard,Dominguez,Richard,58,China,Mandarin,AI,11
FL250660,Melissa,Maldonado,Melissa,56,Canada,English,Cybersecurity,19
FL250661,Leah,Harris,Leah,36,US,English,Machine Learning,9
FL250662,Lynn,French,Lynn,52,Canada,English,UI/UX Design,16
FL250663,Angela,Johnson,Angela,42,Netherlands,Dutch,Mobile Apps,8
FL250664,Sarah,Edwards,Sarah,59,India,Hindi,Mobile Apps,34
FL250665,Roy,Collins,Roy,33,Netherlands,Dutch,Mobile Apps,5
FL250666,Samantha,Porter,Samantha,55,Canada,English,Web Development,14
FL250667,Juan,Elliott,Juan,47,South Korea,Korean,UI/UX Design,17
FL250668,Elizabeth,Phillips,Elizabeth,29,Mexico,Spanish,AI,10
FL250669,Laura,Evans,Laura,30,UK,English,DevOps,8
FL250670,Amanda,Mitchell,Amanda,25,Canada,English,DevOps,1
FL250671,Sandra,Williams,Sandra,28,Egypt,Arabic,Cybersecurity,10
FL250672,Eric,Johnson,Eric,29,South Korea,Korean,Blockchain Development,0
FL250673,Javier,Hobbs,Javier,30,Spain,Spanish,Graphic Design,4
FL250674,Jacob,Jones,Jacob,47,Egypt,Arabic,AI,2
FL250675,Zachary,Murphy,Zachary,34,Australia,English,Blockchain Development,10
FL250676,Joshua,Owens,Joshua,45,US,English,Graphic Design,16
FL250677,Dawn,Mitchell,Dawn,56,Spain,Spanish,Cybersecurity,27
FL250678,Regina,Dunn,Regina,49,China,Mandarin,DevOps,20
FL250679,Ernest,Cole,Ernest,48,France,French,AI,10
FL250680,Hannah,Sanders,Hannah,29,South Korea,Korean,Graphic Design,0
FL250681,Ellen,Bowman,Ellen,49,Netherlands,Dutch,Web Development,11
FL250682,Nancy,Moore,Nancy,22,China,Mandarin,Blockchain Development,1
FL250683,Joseph,Wood,Joseph,52,Mexico,Spanish,Graphic Design,30
FL250684,Michael,Harrell,Michael,60,Canada,English,Blockchain Development,7
FL250685,Connie,Mcclain,Connie,33,Japan,Japanese,UI/UX Design,0
FL250686,Matthew,Baldwin,Matthew,52,South Korea,Korean,Graphic Design,21
FL250687,Danielle,Nelson,Danielle,25,Germany,Germany,DevOps,7
FL250688,Steven,Moore,Steven,33,Japan,Japanese,Cybersecurity,0
FL250689,Megan,Hudson,Megan,33,China,Mandarin,Mobile Apps,0
FL250690,Lisa,Johnson,Lisa,52,Canada,English,UI/UX Design,25
FL250691,Tracy,White,Tracy,20,Indonesia,Indonesian,Web Development,1
FL250692,Natalie,Diaz,Natalie,43,Russia,Russian,Data Analysis,7
FL250693,Amanda,Mitchell,Amanda,31,France,French,Mobile Apps,0
FL250694,Karen,Scott,Karen,29,Germany,Germany,Data Analysis,6
FL250695,Mary,Brown,Mary,53,South Africa,Afrikaans,Graphic Design,35
FL250696,Jon,Jones,Jon,38,India,Hindi,Mobile Apps,1
FL250697,Jason,Phillips,Jason,29,Spain,Spanish,Graphic Design,0
FL250698,Eric,Walsh,Eric,42,South Korea,Korean,UI/UX Design,0
FL250699,Carol,Schneider,Carol,54,US,English,Machine Learning,9
FL250700,Juan,Hines,Juan,56,China,Mandarin,UI/UX Design,18
FL250701,Martha,Sweeney,Martha,47,Turkey,Turkish,Graphic Design,22
FL250702,Jason,Weaver,Jason,45,Russia,Russian,Blockchain Development,25
FL250703,Benjamin,Stevens,Benjamin,45,China,Mandarin,Data Analysis,6
FL250704,Daniel,Lopez,Daniel,35,Canada,English,Machine Learning,10
FL250705,John,Simpson,John,51,Canada,English,DevOps,4
FL250706,Katrina,Schultz,Katrina,34,Spain,Spanish,Mobile Apps,11
FL250707,Danielle,Bell,Danielle,51,Indonesia,Indonesian,Graphic Design,1
FL250708,Jason,Brady,Jason,58,Egypt,Arabic,Graphic Design,35
FL250709,Megan,Bright,Megan,36,Netherlands,Dutch,Web Development,17
FL250710,David,Griffin,David,,Russia,Russian,AI,12
FL250711,Michael,Clark,Michael,56,South Africa,Afrikaans,Machine Learning,30
FL250712,Rebecca,Barker,Rebecca,58,Canada,English,Cybersecurity,20
FL250713,Angela,Smith,Angela,58,US,English,Cybersecurity,22
FL250714,Christina,Wright,Christina,54,UK,English,AI,32
FL250715,Todd,Turner,Todd,53,Australia,English,UI/UX Design,9
FL250716,Elizabeth,Green,Elizabeth,43,Australia,English,Web Development,22
FL250717,Alex,Smith,Alex,44,South Korea,Korean,Machine Learning,1
FL250718,Shane,Hale,Shane,34,Canada,English,Cybersecurity,4
FL250719,Kathy,Grimes,Kathy,27,Brazil,Portuguese,Mobile Apps,8
FL250720,David,Cherry,David,50,Japan,Japanese,Data Analysis,3
FL250721,Rachel,Rogers,Rachel,52,South Korea,Korean,UI/UX Design,30
FL250722,Travis,Braun,Travis,57,Spain,Spanish,Blockchain Development,11
FL250723,Shawna,Palmer,Shawna,53,Mexico,Spanish,DevOps,8
FL250724,Bradley,Gaines,Bradley,51,Turkey,Turkish,UI/UX Design,11
FL250725,April,Ford,April,37,Canada,English,Cybersecurity,9
FL250726,James,Gonzalez,James,40,Spain,Spanish,Web Development,7
FL250727,John,Castillo,John,60,Japan,Japanese,Data Analysis,24
FL250728,Ian,Hayes,Ian,60,France,French,UI/UX Design,0
FL250729,Christine,Castro,Christine,53,South Korea,Korean,UI/UX Design,21
FL250730,Jessica,Chaney,Jessica,20,Mexico,Spanish,Blockchain Development,0
FL250731,John,Gray,John,42,Russia,Russian,Web Development,7
FL250732,Shane,Booker,Shane,21,UK,English,Mobile Apps,3
FL250733,Kyle,Hall,Kyle,39,Germany,Germany,Web Development,21
FL250734,Ronald,Munoz,Ronald,32,India,Hindi,Blockchain Development,0
FL250735,Christopher,Long,Christopher,35,Germany,Germany,Data Analysis,0
FL250736,Sandra,Ali,Sandra,35,France,French,UI/UX Design,17
FL250737,Jessica,Garza,Jessica,23,Argentina,Spanish,UI/UX Design,0
FL250738,Gregory,Waters,Gregory,26,Netherlands,Dutch,AI,6
FL250739,Misty,Adams,Misty,34,Canada,English,Machine Learning,3
FL250740,Megan,Brown,Megan,34,Germany,Germany,Blockchain Development,3
FL250741,Gregory,Brown,Gregory,57,Italy,Italian,Web Development,31
FL250742,Scott,Alexander md,Scott,46,Canada,English,Web Development,5
FL250743,Eric,Nguyen,Eric,55,India,Hindi,AI,37
FL250744,Wendy,Boyer,Wendy,32,Australia,English,DevOps,10
FL250745,Mark,Clark,Mark,53,Indonesia,Indonesian,AI,28
FL250746,Carl,Kline,Carl,59,Mexico,Spanish,AI,0
FL250747,Linda,Williams,Linda,44,Netherlands,Dutch,Machine Learning,19
FL250748,Jason,Edwards,Jason,35,Egypt,Arabic,Blockchain Development,9
FL250749,Madison,Mcintosh,Madison,42,China,Mandarin,Machine Learning,5
FL250750,Desiree,Winters,Desiree,58,South Korea,Korean,Blockchain Development,0
FL250751,Ryan,Taylor,Ryan,41,Netherlands,Dutch,AI,21
FL250752,Patricia,Scott,Patricia,,Argentina,Spanish,Web Development,0
FL250753,Erin,Jimenez,Erin,23,Canada,English,Blockchain Development,0
FL250754,Anthony,Krause,Anthony,51,China,Mandarin,Blockchain Development,17
FL250755,Diane,Dean,Diane,42,France,French,AI,21
FL250756,Stuart,Mckinney,Stuart,26,Japan,Japanese,Data Analysis,7
FL250757,Kellie,Le,Kellie,49,Indonesia,Indonesian,AI,22
FL250758,Lauren,Henry,Lauren,37,Italy,Italian,DevOps,0
FL250759,Brandon,Fox,Brandon,31,Australia,English,AI,1
FL250760,Richard,Smith,Richard,51,South Korea,Korean,Mobile Apps,5
FL250761,John,White,John,60,China,Mandarin,DevOps,40
FL250762,Gilbert,Mcintyre,Gilbert,51,Canada,English,Blockchain Development,19
FL250763,Christopher,Sparks,Christopher,37,Germany,Germany,Graphic Design,12
FL250764,Aaron,Hicks,Aaron,52,India,Hindi,Blockchain Development,7
FL250765,Jose,Patterson,Jose,27,Indonesia,Indonesian,Blockchain Development,4
FL250766,Bryan,Long,Bryan,48,Australia,English,Graphic Design,24
FL250767,Tammy,Gomez,Tammy,22,Japan,Japanese,Data Analysis,1
FL250768,Diana,Raymond,Diana,48,Germany,Germany,Mobile Apps,28
FL250769,Jessica,Armstrong,Jessica,54,US,English,Mobile Apps,19
FL250770,Amanda,Martin,Amanda,52,South Korea,Korean,Data Analysis,4
FL250771,Anne,Hamilton,Anne,39,Turkey,Turkish,Web Development,20
FL250772,Heather,Curtis,Heather,54,Russia,Russian,Mobile Apps,19
FL250773,Tiffany,Moses,Tiffany,22,US,English,Cybersecurity,1
FL250774,Jacqueline,Moon,Jacqueline,29,South Africa,Afrikaans,Mobile Apps,8
FL250775,James,Campbell,James,23,Spain,Spanish,DevOps,3
FL250776,Melissa,Vasquez,Melissa,58,Mexico,Spanish,DevOps,30
FL250777,Katherine,Carlson,Katherine,56,China,Mandarin,Blockchain Development,3
FL250778,Adam,Clay,Adam,48,Turkey,Turkish,Web Development,19
FL250779,Amy,Combs,Amy,31,Russia,Russian,Mobile Apps,11
FL250780,Anthony,Case,Anthony,44,Australia,English,Machine Learning,26
FL250781,Kimberly,Brown,Kimberly,42,Egypt,Arabic,Mobile Apps,10
FL250782,Joshua,Holloway,Joshua,59,US,English,Cybersecurity,17
FL250783,Cynthia,Walton,Cynthia,,Argentina,Spanish,Blockchain Development,9
FL250784,Shawn,Delgado,Shawn,21,China,Mandarin,Data Analysis,0
FL250785,Jeremy,Smith,Jeremy,53,UK,English,DevOps,5
FL250786,Marc,Ortiz,Marc,35,Argentina,Spanish,Mobile Apps,15
FL250787,Michelle,Gregory,Michelle,25,Brazil,Portuguese,Machine Learning,3
FL250788,Melanie,Gay,Melanie,23,Italy,Italian,UI/UX Design,1
FL250789,Brittany,Lambert,Brittany,56,Egypt,Arabic,Graphic Design,13
FL250790,Mary,Hernandez,Mary,31,Mexico,Spanish,UI/UX Design,6
FL250791,Jonathan,Jones,Jonathan,24,US,English,Cybersecurity,4
FL250792,Gina,Williams,Gina,35,Brazil,Portuguese,Cybersecurity,7
FL250793,Kelly,Lawson,Kelly,20,Spain,Spanish,AI,1
FL250794,Keith,Smith,Keith,26,Australia,English,Data Analysis,5
FL250795,Christopher,Hunter,Christopher,54,UK,English,DevOps,29
FL250796,Dwayne,Parks,Dwayne,53,Russia,Russian,Cybersecurity,12
FL250797,Mary,Hall,Mary,33,Canada,English,DevOps,4
FL250798,Jake,Gilmore,Jake,43,Netherlands,Dutch,Web Development,12
FL250799,Mark,Lopez,Mark,37,Canada,English,DevOps,3
FL250800,Dana,Rice,Dana,58,France,French,Data Analysis,15
FL250801,Beth,Young,Beth,39,Spain,Spanish,Mobile Apps,15
FL250802,Ryan,Powell,Ryan,43,Turkey,Turkish,Graphic Design,13
FL250803,Amanda,Fowler,Amanda,40,Spain,Spanish,Blockchain Development,20
FL250804,Lindsay,Rivera,Lindsay,51,UK,English,Machine Learning,30
FL250805,Mark,Ward,Mark,23,Germany,Germany,AI,4
FL250806,Amanda,Smith,Amanda,31,Indonesia,Indonesian,Graphic Design,0
FL250807,Emily,Brown,Emily,44,Russia,Russian,Web Development,3
FL250808,Dwayne,Cardenas,Dwayne,56,Germany,Germany,Mobile Apps,23
FL250809,Dr.rhonda,Hernandez,Dr.rhonda,48,Australia,English,Cybersecurity,5
FL250810,Melody,Barker,Melody,46,Russia,Russian,Web Development,28
FL250811,Russell,Carpenter,Russell,21,Egypt,Arabic,AI,0
FL250812,Richard,Hill,Richard,52,Russia,Russian,Data Analysis,30
FL250813,Lindsay,Potts,Lindsay,39,Russia,Russian,Graphic Design,20
FL250814,Michelle,Campbell,Michelle,31,Australia,English,Mobile Apps,0
FL250815,Alan,Williams,Alan,22,South Korea,Korean,UI/UX Design,4
FL250816,Robin,Hinton,Robin,38,UK,English,UI/UX Design,10
FL250817,Brian,Holland,Brian,44,Argentina,Spanish,Graphic Design,24
FL250818,Adam,Stone,Adam,53,Indonesia,Indonesian,Machine Learning,21
FL250819,Curtis,Lambert,Curtis,22,China,Mandarin,Data Analysis,2
FL250820,Alexandra,Sims,Alexandra,40,India,Hindi,Blockchain Development,14
FL250821,Brenda,Spencer,Brenda,49,China,Mandarin,Mobile Apps,15
FL250822,Joshua,Bush,Joshua,30,Australia,English,UI/UX Design,11
FL250823,Erin,Martin,Erin,37,Japan,Japanese,AI,6
FL250824,Alexander,Hogan,Alexander,21,Egypt,Arabic,Graphic Design,2
FL250825,William,Harris,William,20,South Korea,Korean,AI,1
FL250826,Michael,Mcmahon,Michael,20,China,Mandarin,Data Analysis,2
FL250827,Michael,Watson,Michael,20,Argentina,Spanish,Machine Learning,2
FL250828,Lori,Perez,Lori,26,Russia,Russian,Machine Learning,2
FL250829,Lindsay,Le,Lindsay,50,South Korea,Korean,Web Development,12
FL250830,Scott,Long,Scott,50,Spain,Spanish,AI,28
FL250831,Diana,Ferguson,Diana,54,Indonesia,Indonesian,AI,4
FL250832,Joseph,Miller,Joseph,54,Spain,Spanish,Blockchain Development,3
FL250833,Julia,Reid,Julia,34,Egypt,Arabic,Machine Learning,4
FL250834,Samantha,Matthews,Samantha,20,Italy,Italian,DevOps,1
FL250835,Brian,Bailey,Brian,29,Germany,Germany,AI,8
FL250836,Toni,Hinton,Toni,57,UK,English,DevOps,11
FL250837,Robin,Ortiz,Robin,36,Netherlands,Dutch,AI,8
FL250838,Adam,Griffith,Adam,51,South Korea,Korean,Web Development,32
FL250839,Daniel,Roberson,Daniel,44,India,Hindi,UI/UX Design,4
FL250840,Dale,Haynes,Dale,58,Spain,Spanish,Cybersecurity,33
FL250841,Emily,Scott,Emily,38,South Africa,Afrikaans,Mobile Apps,14
FL250842,David,Brown,David,24,US,English,UI/UX Design,6
FL250843,Stephanie,Guzman,Stephanie,30,Turkey,Turkish,Blockchain Development,5
FL250844,Maxwell,Johnson,Maxwell,25,Indonesia,Indonesian,Cybersecurity,3
FL250845,Reginald,Stephens,Reginald,54,Indonesia,Indonesian,Mobile Apps,17
FL250846,Justin,Jones,Justin,54,Italy,Italian,Cybersecurity,9
FL250847,Kristine,Garcia,Kristine,53,France,French,Graphic Design,16
FL250848,John,Nguyen,John,22,Russia,Russian,AI,3
FL250849,Anna,Fleming,Anna,23,Mexico,Spanish,Data Analysis,2
FL250850,Linda,Williamson,Linda,47,France,French,Cybersecurity,16
FL250851,Roy,Wilson,Roy,24,France,French,Web Development,6
FL250852,Jennifer,Pierce,Jennifer,57,India,Hindi,UI/UX Design,10
FL250853,Jason,Johnson,Jason,48,Spain,Spanish,Graphic Design,16
FL250854,Jasmine,Lane,Jasmine,21,Turkey,Turkish,UI/UX Design,0
FL250855,Evan,Soto,Evan,33,Japan,Japanese,AI,13
FL250856,Kevin,Serrano,Kevin,41,Turkey,Turkish,DevOps,12
FL250857,Nathaniel,Benson,Nathaniel,40,Australia,English,Cybersecurity,13
FL250858,Deanna,Miles,Deanna,40,Mexico,Spanish,Graphic Design,22
FL250859,Beverly,Roy,Beverly,20,US,English,Graphic Design,1
FL250860,Heather,Saunders,Heather,42,Mexico,Spanish,Web Development,0
FL250861,Nicholas,Guerrero,Nicholas,32,Canada,English,Blockchain Development,12
FL250862,Christopher,Johnson,Christopher,60,Japan,Japanese,AI,0
FL250863,Steven,Flowers,Steven,46,Egypt,Arabic,Machine Learning,12
FL250864,Marvin,Woods III,Marvin,29,China,Mandarin,DevOps,0
FL250865,Michelle,Cook,Michelle,39,Brazil,Portuguese,Mobile Apps,18
FL250866,Logan,Zamora,Logan,55,Russia,Russian,Mobile Apps,2
FL250867,Casey,Roberts,Casey,55,Turkey,Turkish,Cybersecurity,0
FL250868,Jerry,Price,Jerry,40,Indonesia,Indonesian,Data Analysis,2
FL250869,Kelly,Ellis,Kelly,56,China,Mandarin,UI/UX Design,35
FL250870,Caleb,Guerra,Caleb,57,Mexico,Spanish,Mobile Apps,21
FL250871,Samantha,Norman,Samantha,56,Russia,Russian,DevOps,3
FL250872,Sarah,Clarke,Sarah,49,Germany,Germany,Mobile Apps,24
FL250873,Aaron,Blair,Aaron,26,Spain,Spanish,Blockchain Development,0
FL250874,Courtney,Burton,Courtney,36,South Korea,Korean,UI/UX Design,0
FL250875,Gerald,Taylor,Gerald,20,Russia,Russian,Web Development,2
FL250876,Mary,Ward,Mary,40,Spain,Spanish,AI,0
FL250877,Mrs.lisa,beard dvm,Mrs.lisa,30,India,Hindi,Mobile Apps,6
FL250878,Larry,Wallace,Larry,51,Australia,English,Graphic Design,21
FL250879,Jeremiah,Thompson,Jeremiah,46,US,English,UI/UX Design,24
FL250880,Mrs.jessica,williams dvm,Mrs.jessica,25,South Korea,Korean,AI,6
FL250881,Martin,Moreno,Martin,53,Netherlands,Dutch,Web Development,32
FL250882,Yolanda,Proctor,Yolanda,50,Egypt,Arabic,Mobile Apps,31
FL250883,Allen,Turner,Allen,45,South Korea,Korean,AI,0
FL250884,Beth,Huff,Beth,48,Canada,English,Cybersecurity,24
FL250885,John,Mckinney,John,30,Indonesia,Indonesian,DevOps,0
FL250886,Sarah,Ho,Sarah,33,Netherlands,Dutch,UI/UX Design,6
FL250887,Lindsey,Wang,Lindsey,50,UK,English,DevOps,11
FL250888,Margaret,Schwartz,Margaret,24,Indonesia,Indonesian,Data Analysis,0
FL250889,Kyle,Ray,Kyle,38,Italy,Italian,Web Development,14
FL250890,Isaac,Hebert,Isaac,56,Japan,Japanese,DevOps,2
FL250891,Michele,Jones,Michele,41,Russia,Russian,DevOps,2
FL250892,Austin,Allen,Austin,,Italy,Italian,UI/UX Design,11
FL250893,Haley,Castro,Haley,42,Germany,Germany,Graphic Design,13
FL250894,David,Armstrong,David,26,India,Hindi,Blockchain Development,7
FL250895,Wendy,Mitchell,Wendy,44,Canada,English,Cybersecurity,25
FL250896,Anthony,Hernandez,Anthony,46,Canada,English,Graphic Design,20
FL250897,Erica,Johnson,Erica,36,US,English,UI/UX Design,8
FL250898,Randall,Barrett,Randall,26,Netherlands,Dutch,AI,6
FL250899,Nathan,Huff,Nathan,21,Germany,Germany,UI/UX Design,3
FL250900,Robin,Walsh,Robin,39,Indonesia,Indonesian,UI/UX Design,18
FL250901,Yvonne,Robinson,Yvonne,37,US,English,Blockchain Development,18
FL250902,Kathleen,Hendrix,Kathleen,47,Russia,Russian,UI/UX Design,3
FL250903,Jennifer,Baker,Jennifer,53,Russia,Russian,Graphic Design,32
FL250904,Kim,Martinez,Kim,53,Argentina,Spanish,Mobile Apps,19
FL250905,Andrew,Little,Andrew,21,India,Hindi,Data Analysis,2
FL250906,Kelly,Shelton,Kelly,35,UK,English,Blockchain Development,0
FL250907,Steven,Duncan,Steven,31,Argentina,Spanish,Machine Learning,13
FL250908,Kristen,Haney,Kristen,55,South Korea,Korean,AI,2
FL250909,Kathy,Reese,Kathy,59,Turkey,Turkish,Web Development,11
FL250910,Steven,Murphy,Steven,59,France,French,Cybersecurity,17
FL250911,William,Hartman,William,47,India,Hindi,Blockchain Development,10
FL250912,Sonya,Haley,Sonya,53,South Africa,Afrikaans,Machine Learning,26
FL250913,Robert,Evans,Robert,49,South Africa,Afrikaans,Data Analysis,0
FL250914,Patricia,Richardson,Patricia,50,South Africa,Afrikaans,Mobile Apps,8
FL250915,Carolyn,Lopez,Carolyn,59,South Korea,Korean,Machine Learning,22
FL250916,Kyle,Burns,Kyle,33,Turkey,Turkish,Data Analysis,8
FL250917,Margaret,Garcia,Margaret,45,Canada,English,Web Development,22
FL250918,Brittany,Barker,Brittany,36,Italy,Italian,Graphic Design,14
FL250919,Paul,Campbell,Paul,46,South Africa,Afrikaans,UI/UX Design,6
FL250920,Amy,Morrow,Amy,53,Turkey,Turkish,Graphic Design,14
FL250921,Amy,Fitzgerald,Amy,24,US,English,Web Development,2
FL250922,Anita,Becker,Anita,49,Spain,Spanish,DevOps,4
FL250923,Mrs.amy,brooks,Mrs.amy,49,South Korea,Korean,AI,4
FL250924,Lori,Marshall,Lori,49,South Korea,Korean,Mobile Apps,24
FL250925,Jennifer,Miller,Jennifer,58,Brazil,Portuguese,Blockchain Development,29
FL250926,Thomas,Young,Thomas,50,South Africa,Afrikaans,UI/UX Design,13
FL250927,Zachary,Larsen,Zachary,27,South Africa,Afrikaans,DevOps,1
FL250928,Valerie,Gutierrez,Valerie,20,South Korea,Korean,Machine Learning,0
FL250929,Daniel,Parker,Daniel,52,Russia,Russian,Blockchain Development,15
FL250930,Nicole,Bennett,Nicole,22,France,French,Machine Learning,2
FL250931,Lauren,Lowery,Lauren,38,Turkey,Turkish,Web Development,14
FL250932,Alexander,Woodward,Alexander,21,Canada,English,Graphic Design,0
FL250933,Anthony,Walter,Anthony,41,Australia,English,AI,15
FL250934,Valerie,Finley,Valerie,33,Indonesia,Indonesian,Blockchain Development,6
FL250935,Deborah,Kelley,Deborah,38,Mexico,Spanish,Mobile Apps,11
FL250936,Kristina,Miller,Kristina,26,Russia,Russian,DevOps,8
FL250937,Anne,Hampton,Anne,43,Netherlands,Dutch,AI,3
FL250938,Sandra,Henry,Sandra,21,Italy,Italian,Cybersecurity,0
FL250939,Tony,Hester,Tony,47,South Korea,Korean,Mobile Apps,7
FL250940,Nathan,Davis,Nathan,35,Spain,Spanish,Graphic Design,6
FL250941,Erica,Jackson,Erica,37,Indonesia,Indonesian,Mobile Apps,9
FL250942,Nancy,Glover,Nancy,38,Brazil,Portuguese,AI,15
FL250943,Richard,Sanchez,Richard,40,Canada,English,Data Analysis,20
FL250944,Savannah,Reid,Savannah,46,Brazil,Portuguese,Data Analysis,16
FL250945,Robert,Salazar,Robert,56,Egypt,Arabic,DevOps,22
FL250946,Hector,Greer,Hector,24,Turkey,Turkish,Graphic Design,2
FL250947,Thomas,Jackson,Thomas,40,Mexico,Spanish,AI,1
FL250948,Tina,Clark,Tina,38,Turkey,Turkish,Mobile Apps,8
FL250949,Heather,Brown,Heather,28,France,French,DevOps,8
FL250950,John,Weaver,John,25,Brazil,Portuguese,DevOps,7
FL250951,Bradley,Harris,Bradley,41,UK,English,DevOps,8
FL250952,Cassandra,Macdonald,Cassandra,45,Mexico,Spanish,Data Analysis,6
FL250953,Matthew,White,Matthew,47,Turkey,Turkish,DevOps,16
FL250954,Miss.kimberly,Marshall,Miss.kimberly,59,UK,English,Data Analysis,40
FL250955,Laura,Thompson,Laura,25,Canada,English,Blockchain Development,6
FL250956,Nathan,Soto,Nathan,27,Australia,English,Web Development,3
FL250957,Rhonda,Hines,Rhonda,57,Australia,English,AI,5
FL250958,Gabrielle,Bowman,Gabrielle,34,Turkey,Turkish,UI/UX Design,12
FL250959,Julian,Edwards,Julian,55,France,French,UI/UX Design,33
FL250960,Nicholas,Scott,Nicholas,21,Egypt,Arabic,Blockchain Development,1
FL250961,Daniel,Green,Daniel,53,Netherlands,Dutch,DevOps,27
FL250962,Catherine,Johnston,Catherine,21,Germany,Germany,UI/UX Design,1
FL250963,Brenda,Koch,Brenda,36,Brazil,Portuguese,Web Development,0
FL250964,Mr.robert,meza,Mr.robert,40,Germany,Germany,AI,2
FL250965,Latoya,Brown,Latoya,59,UK,English,UI/UX Design,40
FL250966,David,Osborne III,David,45,Netherlands,Dutch,Cybersecurity,4
FL250967,David,Hooper,David,44,South Korea,Korean,Machine Learning,9
FL250968,Sarah,Miller,Sarah,36,UK,English,Cybersecurity,13
FL250969,Lisa,Werner MD,Lisa,26,India,Hindi,Graphic Design,1
FL250970,Eric,Jimenez,Eric,49,India,Hindi,Web Development,1
FL250971,Jay,Bush,Jay,29,France,French,Mobile Apps,3
FL250972,Johnny,Rice,Johnny,32,France,French,Graphic Design,1
FL250973,Matthew,Strong,Matthew,24,Indonesia,Indonesian,Blockchain Development,3
FL250974,Mark,Chandler,Mark,35,South Korea,Korean,DevOps,14
FL250975,Crystal,Brown,Crystal,43,Spain,Spanish,Blockchain Development,2
FL250976,Timothy,Barton,Timothy,53,South Korea,Korean,Machine Learning,27
FL250977,Lisa,Hickman,Lisa,38,Russia,Russian,DevOps,7
FL250978,Alan,Mendoza,Alan,57,UK,English,Cybersecurity,29
FL250979,Jason,Sanders,Jason,27,China,Mandarin,Blockchain Development,5
FL250980,Charles,Dean,Charles,43,Argentina,Spanish,Web Development,2
FL250981,Blake,Newton,Blake,48,Canada,English,Data Analysis,18
FL250982,David,Gonzalez,David,26,Brazil,Portuguese,Cybersecurity,8
FL250983,Cindy,Williams,Cindy,40,South Africa,Afrikaans,Graphic Design,0
FL250984,Laura,Wong DDS,Laura,50,Italy,Italian,Data Analysis,16
FL250985,Robert,Moran,Robert,48,South Africa,Afrikaans,Web Development,8
FL250986,Bradley,Wu,Bradley,60,Spain,Spanish,Blockchain Development,39
FL250987,Daniel,Thomas,Daniel,26,Egypt,Arabic,Machine Learning,0
FL250988,Michelle,Peterson,Michelle,35,South Korea,Korean,Graphic Design,16
FL250989,Seth,Thomas,Seth,23,US,English,Blockchain Development,4
FL250990,Evan,Ramos,Evan,37,Australia,English,Graphic Design,4
FL250991,Michelle,Solis,Michelle,21,Argentina,Spanish,AI,2
FL250992,Charlotte,Taylor,Charlotte,58,Germany,Germany,UI/UX Design,37
FL250993,Sandra,Preston,Sandra,52,Indonesia,Indonesian,Mobile Apps,32
FL250994,Jim,Weiss,Jim,46,Russia,Russian,Mobile Apps,8
FL250995,Jennifer,Hinton,Jennifer,34,South Africa,Afrikaans,DevOps,8
FL250996,Albert,Wilcox,Albert,56,Turkey,Turkish,DevOps,13
FL250997,Cheryl,Norris,Cheryl,26,Germany,Germany,Blockchain Development,6
FL250998,Kathy,Watkins,Kathy,37,Japan,Japanese,Data Analysis,15
FL250999,John,Obrien,John,46,Russia,Russian,Machine Learning,22
FL251000,Dawn,Green,Dawn,36,Mexico,Spanish,UI/UX Design,18
,,,,,,,,
,,,,,,,,
,Handling Inconsistent Data,,,,,,,
,"1.used text to columns: split ""name""column by space",,,,,,,
,2.used flash  fill: fixed special cases,,,,,,,
,3. used TRIM(): removed extra spaces[=TRIM(C2)],,,,,,,
